Job Name,programming,managerial,tools,technical,experience,analyst,education
Business Development Representative,0,0,1,0,0,0,0
Apply Now Junior Engineer And Supervisor Civil,0,0,0,0,0,0,0
Customer Service Manager APM Specialist,0,0,0,0,0,0,0
HR & Administration Executive,0,0,2,0,0,0,0
HR Payroll Executive,0,0,0,0,0,0,0
Finance Officer,0,0,0,0,0,0,0
Validation Hardware Engineer,0,0,0,0,0,0,0
Fresher Software Developer,0,0,0,0,0,0,0
Front End Developer,0,0,0,0,0,0,0
Android Application Developer,0,0,0,0,0,0,0
HR Executive,0,0,0,0,0,0,0
Online Tutors/Faculties/Trainers requirement for all software (IT) courses,1,0,1,0,0,0,0
Science Teacher,0,0,0,0,0,0,0
Business Development Executive,0,0,0,0,0,0,0
Android App Developer,0,0,0,0,0,0,0
Pol. Science Teacher (Part-time),0,0,0,0,0,0,0
Web Developer,0,0,0,0,0,0,0
Senior Content Developer,0,0,2,0,0,0,0
Manager Operations & Customer Service,0,0,0,0,0,0,0
Software Test Engineer,0,0,0,0,0,0,0
Primary Science Teacher,0,0,0,0,0,0,0
"R&D Executive, Pest Category",0,0,0,0,0,0,0
Customer Relationship Manager,0,0,0,0,0,0,0
Mobile Application Developer - Bangalore,0,0,0,0,0,0,0
Customer Success Manager,0,0,0,0,0,0,0
Business Development Executive,0,0,0,0,0,0,0
Finance & Accounts Executive,0,0,0,0,0,0,0
Android Application Developer,0,0,0,0,0,0,0
Trained Graduate Teacher (Social Science),0,0,0,0,0,0,0
Web Development part time job/internship at Indore,0,0,0,0,0,0,0
Hardware/FPGA Engineer,0,0,0,0,0,0,0
Accounts Manager/Trainer,0,0,0,0,0,0,0
"Manager, Customer Service",0,0,0,0,0,0,0
Microbiologist,0,0,0,0,0,0,0
Business Analyst,0,0,0,1,1,1,0
Mobile Application Developer,0,0,0,0,0,0,0
Business Analyst - Forecasting and Budgeting,0,0,0,2,2,2,0
Support Executive-Business Development (Kolkata),0,0,0,0,0,0,0
Research Analyst,0,0,1,1,1,1,0
Opening for Mid- Level position in Accounts Department,0,0,0,0,0,0,0
HR Executive-Part Time,0,0,0,0,0,0,0
Business Development Executive,0,0,0,0,0,0,0
IT Hardware Technician,0,0,0,0,0,0,0
Mobile Application Developer,0,0,0,0,0,0,0
Business Analyst,0,0,0,1,1,1,0
Software Developer,0,0,0,0,0,0,0
Assistant Engineer (Trainee) - Civil,0,0,0,0,0,0,0
C.R.M ( Customer Relationship Manager ) Automobile,0,0,0,0,0,0,0
"Customer Success Manager, Okhla Phase III",0,0,0,0,0,0,0
QA Automation Engineer,0,0,0,0,0,0,0
Customer Success Manager (CSM),0,0,0,0,0,0,0
Web developer,0,0,0,0,0,0,0
Software Engineer - Embedded control Software,1,0,0,0,0,0,0
Science Teacher,0,0,0,0,0,0,0
Chartered Accountant,0,0,0,0,0,0,0
Social Science Teacher,0,0,0,0,0,0,0
Senior General Accountant (US Based Experience),0,0,0,0,0,0,0
Junior Software Engineer,0,0,0,0,1,0,0
Mobile Application Developer,0,0,0,0,0,0,0
Manager – Finance & Accounts,0,0,0,0,0,0,0
Mobile Application Developer,0,0,0,0,0,0,0
Senior Software Developer,1,0,0,0,0,0,0
Mobile Application Testing,1,0,0,0,0,0,0
Android Developer,0,0,0,0,0,0,0
Back office executive / Data Verifier - Night Shift,0,0,0,0,0,0,0
Technical Support Engineer-Civil,0,0,0,0,0,0,0
Senior Devops Engineer - Dell Secureworks - Hyderabad,0,0,0,0,0,0,0
,0,0,0,0,0,0,0
Business Development Executive,0,0,0,0,0,0,0
GM Engineering,0,0,0,0,0,0,0
Jio Point Assistant Manager,0,0,0,0,0,0,0
Executive - Human Resources,0,0,0,0,0,0,0
Front End Developer,0,0,0,0,0,0,0
PHP and Android Developer,0,0,0,0,0,0,0
Executive - HR - Operations - PEO-People Infrastructure - Gurgaon,0,0,0,0,0,0,0
Technology Team Manager,0,0,0,0,0,0,0
Executive / Sr. Executive - Finance and Accounts,0,0,0,0,0,0,0
Mobile Application Developer,0,0,0,0,0,0,0
Finance & Accounts Manager,0,0,1,0,0,0,0
Business Development Executive for a reputed IT company,0,0,0,0,0,0,0
"Business Analyst - BRD, FRD",0,0,0,1,1,1,0
Business Development Executive,0,0,0,0,0,0,0
Civil Engineer,0,0,0,0,0,0,0
Manager – Accounts and Finance,0,0,0,0,0,0,0
Full Stack Developer,0,0,0,0,0,0,0
Mobile Developer / Android Kotlin / Java,0,0,0,0,0,0,0
Web Developer,0,0,0,0,0,0,0
Computer Science Graduate,0,0,0,0,0,0,0
Social Science Teacher,0,0,0,0,0,0,0
Automation Testing,0,0,0,0,0,0,0
Finance and Accounts(R2R),0,0,2,0,0,0,0
Front End Web Developer,0,0,0,0,0,0,0
TGT Computer Science,0,0,0,0,0,0,0
Business Development Executive,0,0,0,0,0,0,0
Hardware & Networking Engineers,0,0,0,0,0,0,0
Relationship Manager,0,0,0,0,0,0,0
International Business Development Executive,0,0,0,0,0,0,0
Human Resource (Executive/Manager),0,0,1,0,0,0,0
Urgent opening for Relationship Manager Cum Dealer,0,0,0,0,0,0,0
Structural Engineer(civil),0,0,0,0,0,0,0
Production Engineer,0,0,0,0,0,0,0
Hardware Networking Trainees,0,0,0,0,0,0,0
AWS DEVELOPER,0,0,0,0,0,0,0
Senior React Native Developer,0,0,0,0,0,0,0
Editor - Mathematics & Science,0,0,0,0,0,0,0
CS - GTRS - Advanced Analyst,0,0,2,1,1,1,0
HR Executive (Female),0,0,0,0,0,0,0
Business Analyst,0,0,0,3,3,3,0
HR Executive / Manager,0,0,0,0,0,0,0
Assistant Engineer (Trainee) Civil Engineering,0,0,0,0,0,0,0
SalesForce Application Support Analyst,0,0,1,2,2,2,0
Social Science Teacher,0,0,0,0,0,0,0
HTML Developer,0,0,0,0,0,0,0
Flutter Developer,0,0,0,0,0,0,0
Python Testing,0,0,0,0,0,0,0
Android Developer,0,0,0,0,0,0,0
Full Stack Web Developer,0,0,0,0,0,0,0
Incident Management,0,0,0,0,0,0,0
GCR GCS - Advanced Analyst,0,0,2,1,1,1,0
Hardware Design Engineer,0,0,0,0,0,0,0
Validation Engineer-ADAS,0,0,0,0,0,0,0
Hardware Engineer - Project Engineer/Sr. Project Engineer,0,0,0,0,0,0,0
Associate Software Trainee,0,0,0,0,0,0,0
"Software Developer (C#, Dot Net Core)",0,0,0,0,0,0,0
Tech Lead - Web and Mobile UI Development,0,0,0,1,1,1,0
Software Support Engineer,0,0,0,0,0,0,0
Software Developer,0,0,0,0,0,0,0
Senior Business Development Executive- Lead Generation,0,0,0,0,0,0,0
Sitecore Developer,0,0,0,0,0,0,0
Assistant Accountant,0,0,0,0,0,0,0
Software Developer,0,0,0,0,0,0,0
HTML/CSS Developer,0,0,0,0,0,0,0
Assistant Accountant,0,0,0,0,0,0,0
Flutter Mobile Application Developer,0,0,0,0,0,0,0
Science Teacher,0,0,0,0,0,0,0
Executive - Human Resources,0,0,0,0,0,0,0
MC - Relationship Manager,0,0,0,0,0,0,0
GM - Accounts Finance,0,0,0,0,0,0,0
Senior Analyst,0,0,1,1,1,1,0
WEB DEVELOPER,0,0,0,0,0,0,0
Field Support Engineer,0,0,0,0,0,0,0
Business Development Executive,0,0,2,0,0,0,0
Business Analyst,0,0,0,2,2,2,0
Junior Developer - Associate - Gurugram -CGM,0,0,0,0,0,0,0
Service Engineer,0,0,0,0,0,0,0
Associate - Projects,0,0,0,0,0,0,0
Hr Executive,0,0,0,0,0,0,0
DIPLOMA IN LAPTOP HARDWARE & WIFI TECHNOLOGY BSS Certificate,0,0,0,0,0,0,0
HR Executive - Learning & Talent Development,0,0,2,0,0,0,0
Web Designer & Graphic Designer,0,0,0,0,0,0,0
HR Executive - T&D,0,0,0,0,0,0,0
Site Engineer (Civil),0,0,0,0,0,0,0
System Engineer,0,0,0,0,0,0,0
Manager-Accounts Receivable,0,0,0,0,0,0,0
Business Analyst,0,0,0,2,2,2,0
Software Trainee,0,0,0,0,0,0,0
Virtual Customer Service Associate Indore India,0,0,0,0,0,0,0
Mobile Testing Experts / Mobile Test Leads,0,0,0,0,0,0,0
Technical Manager,0,0,0,0,0,0,0
Executive Accounts & Finance,0,0,1,0,0,0,0
HR Executive,0,0,0,0,0,0,0
Assistant Manager - Customer Service,0,0,0,0,0,0,0
Mobile Application Developer,0,0,0,0,0,0,0
Customer Success Manager,0,0,0,0,0,0,0
ReactJS Developer,0,0,0,0,0,0,0
"Customer Service Manager-BANGALORE, HYDERABAD, CHENNAI",0,0,0,0,0,0,0
Hardware & Networking Engineer (MALE),0,0,0,0,0,0,0
HTML Developer,0,0,0,0,0,0,0
Civil Engineer,0,0,0,0,0,0,0
SCIENCE TEACHER,0,0,0,0,0,0,0
TGT Maths Science English Social,0,0,0,0,0,0,0
Business Process Manager,0,0,0,0,0,0,0
Social Science Teacher,0,0,0,0,0,0,0
Senior Business Analyst,0,0,2,6,6,6,0
Cap Mkts-Business Analyst 1,0,0,0,2,2,2,0
Sr. Executive - HR,0,0,0,0,0,0,0
Software Engineer Intern,0,0,0,0,1,0,0
Senior Accountant,0,0,0,0,0,0,0
Copywriter cum Content Developer,0,0,0,0,0,0,0
Branch Manager,0,0,0,0,0,0,0
Senior Business Development Executive,0,0,0,0,0,0,0
Front End Developer,0,0,0,0,0,0,0
Business Development and Marketing Executive,0,0,1,0,0,0,0
Hardware & Network Engineer,0,0,0,0,0,0,0
GCR GCS - Advanced Analyst,0,0,2,1,1,1,0
Wind Turbine Controls Hardware Engineer,0,0,0,0,0,0,0
Site Supervisor (Construction / Finishing),0,0,0,0,0,0,0
Project Finance Control,0,0,0,0,0,0,0
"Software Developer (C#, Dot Net Core)",0,0,0,0,0,0,0
HR Executive / Sr. HR Executive,0,0,0,0,0,0,0
"Embedded Trainee Engineer,Software Testing Trainee",0,0,0,0,0,0,0
Principal Statistical Programmer,0,0,0,0,0,0,0
Manager Finance (Accounts Payable),0,0,0,0,0,0,0
Mobile Packet Core - MPC-Developer,0,0,0,0,0,0,0
Data Analyst,0,0,1,2,2,2,0
Sr. Executive - HR & Admin,0,0,0,0,0,0,0
Executive Engineer,0,0,0,0,0,0,0
IT Application project management and designing,0,0,0,0,0,0,0
Hardware & Network Manager/Trainer/Head,0,0,0,0,0,0,0
HR Executive,0,0,0,0,0,0,0
Sales & Marketing Manager,0,0,0,0,0,0,0
Accounts and Finance Intern,0,0,0,0,1,0,0
Software Engineer,0,0,0,0,0,0,0
Business Analyst I,0,0,0,1,1,1,0
Web Developer,0,0,0,0,0,0,0
Information Technology Engineer for Networking for BHMS,0,0,0,0,0,0,0
Sr. Accounts & Finance Manager,0,0,0,0,0,0,0
Senior Business Development Executive,0,0,0,0,0,0,0
Customer Service Manager,0,0,0,0,0,0,0
Digital Application Lead Developer,0,0,0,0,0,0,0
Civil Engineer,0,0,0,0,0,0,0
Business Analyst,0,0,0,1,1,1,0
Business Development Executive,0,0,0,0,0,0,0
Web Developer,0,0,0,0,0,0,0
Consultant/ Developer,0,0,0,0,0,0,0
Accounts & Finance Manager,0,0,0,0,0,0,0
Web Content Writer,0,0,0,0,0,0,0
Business Development Executive - Cloud Services,0,0,0,0,0,0,0
Business Analyst,0,0,5,1,1,1,0
Business Analyst,0,0,0,1,1,1,0
Hardware and Network Support,0,0,0,0,0,0,0
IT Customer Service Manager,0,0,0,0,0,0,0
Business Analyst Healthcare,0,0,0,5,5,5,0
REBAR DETAILER,0,0,0,0,0,0,0
Android Developer in Kakkanad - Kochi (e-commerce app experience required),0,0,0,0,0,0,0
Manager,0,0,0,0,0,0,0
Assistant Engineer (Civil),0,0,0,0,0,0,0
OTC Business Support Analyst,0,0,0,4,4,4,0
Associate Service Engineer,0,0,0,0,0,0,0
Business Analyst,0,0,0,2,2,2,0
Executive Accounts & Finance Cum Advisor to Director,0,0,1,0,0,0,0
Assistant Manager Finance,0,0,3,0,0,0,0
Associate Business Analyst,0,0,1,1,1,1,0
Customer Support Executive,0,0,0,0,0,0,0
Software Developer,0,0,0,0,0,0,0
Analyst,0,0,2,1,1,1,0
Product Support Engineer,0,0,0,0,0,0,0
Embedded Hardware Engineer,0,0,0,0,0,0,0
AI & Chatbot Developer,0,0,0,0,0,0,0
Testing Engineer (Kolkata),0,0,0,0,0,0,0
Business Analyst,0,0,0,3,3,3,0
Urgent Opening for Chartered Accountant,0,0,0,0,0,0,0
Research Analyst,0,0,0,2,2,2,0
HR Executive,0,0,0,0,0,0,0
 Hardware and Networking Engineer,0,0,0,0,0,0,0
Computer Hardware & Networking Engineer,0,0,0,0,0,0,0
REQUIREMENT FOR A SENIOUR HR EXECUTIVE,0,0,0,0,0,0,0
Business Analyst,0,0,0,1,1,1,0
Head Accounts,0,0,0,0,0,0,0
"Accounts Executive, Accounts & Finance Executive",0,0,0,0,0,0,0
Senior Odoo Developer,0,0,0,0,0,0,0
Sr. Executive - HR,0,0,1,0,0,0,0
Software Developer,0,0,0,0,0,0,0
Hard Computer Science Problems – Empathetic Polyglots,0,0,0,0,0,0,0
"Executive, Human Resource - Kolkata, India",0,0,0,0,0,0,0
Chief Finance and Accounts Officer,0,0,0,0,0,0,0
Civil Engineering Intern,0,0,0,0,1,0,0
,0,0,0,0,0,0,0
Software Test Engineer,0,0,0,0,0,0,0
Customer Relationship Officer,4,0,0,0,0,0,0
Business Analyst,0,0,0,2,2,2,0
"JavaScript Developer (Hyderabad, Pune, Bangalore, Chennai, Noida)",0,0,0,0,0,0,0
Sr Accounts Receivable Analyst,0,0,2,2,2,2,0
Junior Civil Engineer,0,0,0,0,0,0,0
Junior/Senior Hardware Engineer,0,0,0,0,0,0,0
Customer Relationship Manager (CRM),0,0,0,0,0,0,0
HR EXECUTIVE POSITION IN MNC,0,0,0,0,0,0,0
Business Development Executive,0,0,0,0,0,0,0
Business Development Executive,0,0,1,0,0,0,0
Civil Engineer Required at Assam,0,0,0,0,0,0,0
Assistant Manager/Manager - Accounts & Finance,0,0,0,0,0,0,0
Mobile Application Developer,0,0,0,0,0,0,0
Business Analyst,0,0,0,1,1,1,0
Asst. Manager ¨C Finance and Accounts,0,0,0,0,0,0,0
Project Manager,0,0,0,0,0,0,0
Mobile Application Developer,0,0,0,0,0,0,0
Android Mobile App Developer,0,0,0,0,0,0,0
Business Development Executive,0,0,0,0,0,0,0
Professional 2 Product Developer (51005783),0,0,0,0,0,0,0
Project Associate / Associate Engineer,0,0,0,0,0,0,0
Manager - Customer Service,0,0,0,0,0,0,0
Nightclub Manager,0,0,0,0,0,0,0
Customer Success Manager,0,0,0,0,0,0,0
IP Teacher,1,0,0,0,0,0,0
Customer Relationship Manager,0,0,0,0,0,0,0
Service Delivery Project Manager,0,0,0,0,0,0,0
GCR US - Assistant Manager,0,0,2,0,0,0,0
SOFTWARE ENGINEER,1,0,0,0,0,0,0
Online Business Development Executive,0,0,0,0,0,0,0
Field Officer,0,0,0,0,0,0,0
HR & Administration Executive,0,0,2,0,0,0,0
HARDWARE DESIGN ENGINEERS,2,0,0,0,0,0,0
Relationship Manager- Dairy,0,0,0,0,0,0,0
Android Developer,0,0,0,0,0,0,0
Customer Service Manager-ECC-QIG,0,0,0,0,0,0,0
Mobile Application Developer,0,0,0,0,0,0,0
Accounts Assistant,0,0,0,0,0,0,0
Business Development Executive,0,0,0,0,0,0,0
Technical Support Engineer,0,0,0,0,0,0,0
Freshers Apply Fast For Multiprofie Joining After Lockdown,0,0,0,0,0,0,0
HR Recruiter(Female),0,0,0,0,0,0,0
Report Developer,0,0,1,0,0,0,0
Web Designer & Developer,0,0,0,0,0,0,0
Quality Analyst,0,0,0,1,1,1,0
Mobile Application Developer,0,0,0,0,0,0,0
"Business Development Executive - Kolkata, India",0,0,2,0,0,0,0
Financial Accountant,0,0,0,0,0,0,0
HRIS Business Analyst,0,0,0,2,2,2,0
Web Developer,0,0,0,0,0,0,0
Business Development Executive,0,0,0,0,0,0,0
Customer Relationship Manager (CRM),0,0,0,0,0,0,0
Software Developer,0,0,0,0,0,0,0
Manager Finance & Accounts,0,0,0,0,0,0,0
Android Developer freelancer,0,0,0,0,0,0,0
Executive / Sr. Executive - HR,0,0,0,0,0,0,0
Science Teacher Gyanpro,0,0,0,0,0,0,0
Business Analyst (OIPA),0,0,0,6,6,6,0
HR Executive,0,0,0,0,0,0,0
Engineer,0,0,0,0,0,0,0
HR-Executive (Payroll),0,0,0,0,0,0,0
Chartered Accountant,0,0,0,0,0,0,0
Business Development Executive,0,0,0,0,0,0,0
R&D Engineer,0,0,0,0,0,0,0
Social Science Teacher,0,0,0,0,0,0,0
Accounts & Finance Executive - Indian Accounting - QBO (Preferred),0,0,1,0,0,0,0
Cordova Mobile Application Developer,0,0,0,0,0,0,0
Senior Accountant,0,0,0,0,0,0,0
Site Engineer (Civil),0,0,0,0,0,0,0
Civil Engineer,0,0,0,0,0,0,0
Web Developer,0,0,0,0,0,0,0
BDE(Business Development Executive) (Fresher/Exp),0,0,0,0,0,0,0
Teacher of social science,0,0,0,0,0,0,0
Hardware Circuit Design,0,0,0,0,0,0,0
Business Analyst,0,0,0,1,1,1,0
Business Development Executive,0,0,0,0,0,0,0
Application Developer,1,0,0,0,0,0,0
User Readiness Business Analyst,0,0,0,7,7,7,0
HR Executive Trainee,0,0,0,0,0,0,0
Business Analyst,0,0,2,1,1,1,0
Urgent Opening for CodeIgniter Developer,0,0,0,0,0,0,0
Required Freelance Web Designer & Developer,0,0,1,0,0,0,0
Assistant Engineer Civil,0,0,0,0,0,0,0
Business Development Executive,0,0,0,0,0,0,0
Legal Analyst,0,0,2,1,1,1,0
Web Developer Intern,0,0,0,0,1,0,0
iOS Developer,0,0,0,0,0,0,0
Business Analyst,0,0,0,1,1,1,0
Salesforce Developer,0,0,0,0,0,0,0
Business Development Manager,0,0,0,0,0,0,0
Business Development Executive,0,0,0,0,0,0,0
Software Developer,0,0,0,0,0,0,0
Hardware & Networking Engineer,0,0,0,0,0,0,0
Process Executive - Data,0,0,1,0,0,0,0
Hybrid Application Developer,0,0,0,0,0,0,0
GCR US - Advanced Analyst,0,0,2,1,1,1,0
Freelance Web Designer,0,0,0,0,0,0,0
Garments Brand - Customer Relationship Manager,0,0,0,0,0,0,0
Business Development Executive - Currently Hiring,0,0,0,0,0,0,0
Business Analyst,0,0,2,1,1,1,0
General Manager – Detailed Engineering,0,0,0,0,0,0,0
Business Data Analyst - (3 to 7 Years of Experience),0,0,1,1,1,1,0
Customer Relationship Manager,0,0,0,0,0,0,0
Software Developer - Fresher,0,0,0,0,0,0,0
"MTS 1, Software Engineer",0,0,0,0,0,0,0
Science Teacher,0,0,0,0,0,0,0
Hardware Engineer,0,0,0,0,0,0,0
Human resource (HR),0,0,0,0,0,0,0
Service Delivery Manager,0,0,0,0,0,0,0
Global HR Operation Executive,0,0,0,0,0,0,0
"R&D Engineer I, Software",0,0,0,0,0,0,0
Science Teacher,0,0,0,0,0,0,0
Embedded Hardware Design Engineer,0,0,0,0,0,0,0
Junior Accountant,0,0,0,0,0,0,0
HARDWARE FUNCTIONAL SAFETY ENGINEER,0,0,0,0,0,0,0
Hardware and Network Engineer,0,0,0,0,0,0,0
HR Head/executive,0,0,0,0,0,0,0
SMSC C++ SMPP Developer/Kannel Developer,4,0,0,0,0,0,0
Business Development Executive,0,0,0,0,0,0,0
Business Development Manager,0,0,0,0,0,0,0
Sub Engineer (Civil),0,0,0,0,0,0,0
Business Development Executive,0,0,0,0,0,0,0
Business Analyst,0,0,0,4,4,4,0
Social Science Teacher,0,0,0,0,0,0,0
Executive Admin - CRG - Mumbai,0,0,1,0,0,0,0
Primary Class Teacher,0,0,0,0,0,0,0
Moodle Developer,0,0,0,0,0,0,0
Asst. Manager Accounts & Finance,0,0,0,0,0,0,0
Computer Hardware And Networking CCTV Knowledge Preferred,0,0,0,0,0,0,0
"Specialist, Sourcing MRO",0,0,0,0,0,0,0
Business Development Executive,0,0,0,0,0,0,0
Customer Success Manager,0,0,0,0,0,0,0
ReactJS Developer,0,0,0,0,0,0,0
Mobile Application Developer,0,0,0,0,0,0,0
Finance and Accounts Officer,0,0,0,0,0,0,0
Senior Executive,0,0,0,0,0,0,0
Executive /sr.Executive HR [ FEMALE ],0,0,0,0,0,0,0
Fresher Software Developer,0,0,0,0,0,0,0
Business Development Executive,0,0,0,0,0,0,0
HR Executive,0,0,0,0,0,0,0
HTML Developer,0,0,0,0,0,0,0
Business Development Executive,0,0,1,0,0,0,0
Junior HTML Developer,0,0,0,0,0,0,0
Software Developer,0,0,0,0,0,0,0
Senior HR Executive,0,0,0,0,0,0,0
Testing (Automated/Manual),0,0,0,0,0,0,0
Junior Software Developer for IT department,0,0,0,0,0,0,0
Environmental Engineering,0,0,0,0,0,0,0
"Teacher (Odia, Science, Mathematics, English)",0,0,0,0,0,0,0
Business Analyst,0,0,0,3,3,3,0
HTML CSS Developer- Contract to Hire,0,0,0,0,0,0,0
Embedded Hardware Engineer,0,0,0,0,0,0,0
"Teacher for CBSE Coaching - 8th, 9th & 10th Class",0,0,0,0,0,0,0
Business Development Executive,0,0,0,0,0,0,0
Customer Relationship Manager | CRM,0,0,0,0,0,0,0
Associate Human Resource Manager - P&G India,0,0,0,0,0,0,0
Software Developer,0,0,0,0,0,0,0
ODOO DEVELOPER – PYTHON,0,0,0,0,0,0,0
Graduate Executive Trainee (GET),0,0,0,0,0,0,0
HARDWARE & NETWORKING ENGG,0,0,0,0,0,0,0
Accountants Manager,0,0,0,0,0,0,0
Web Developer,0,0,1,0,0,0,0
Associate Web Developer,0,0,0,0,0,0,0
Embedded Hardware Engineer,0,0,0,0,0,0,0
JAVA Developer-Freelancer,0,0,0,0,0,0,0
Hardware Test Engineer,0,0,0,0,0,0,0
HR Executive,0,0,0,0,0,0,0
Business Developer Executive,0,0,0,0,0,0,0
Graduate Trainee,0,0,0,0,0,0,0
Web Developer,0,0,1,0,0,0,0
Science Teacher,0,0,0,0,0,0,0
Assistant Manager - Finance,0,0,0,0,0,0,0
Senior Android Developer,0,0,0,0,0,0,0
Freelance Business Consultant,0,0,0,0,0,0,0
ReactJS Developer,0,0,0,0,0,0,0
Software Engineer C/C++,3,0,0,0,0,0,0
Senior Finance & Accounts Manager,0,0,0,0,0,0,0
Magento Developer,0,0,0,0,0,0,0
Graphic & Web Designer,0,0,0,0,0,0,0
Desktop Support Engineer,0,0,0,0,0,0,0
Android Developer,0,0,0,0,0,0,0
Hardware & Networking Engineer Jobs in Delhi For Freshers,0,0,0,0,0,0,0
Web Developer,0,0,0,0,0,0,0
Assistant Engineering (Trainee) E&M,0,0,0,0,0,0,0
Software Developer,0,0,0,0,0,0,0
Hardware & Networking Engineer,0,0,0,0,0,0,0
Business Analyst – Project Trainee,0,0,0,1,1,1,0
Manager- Accounts and Finance,0,0,0,0,0,0,0
Business Analyst,0,0,0,1,1,1,0
Customer Success Manager,1,0,2,0,0,0,0
Manager Finance & Accounts,0,0,0,0,0,0,0
Small Cell Project Engineer,0,0,0,0,0,0,0
Web Designer / Front End Developer,0,0,0,0,0,0,0
Software Developer I/II - Intern,2,0,0,0,3,0,0
Business Analyst Healthcare,0,0,0,1,1,1,0
HR Executive,0,0,0,0,0,0,0
Desktop Support Engineer L2,0,0,0,0,0,0,0
"Hardware & Network Engineer, Hardware Network Engineer ,",0,0,0,0,0,0,0
Mobile App Development part time job/internship at Delhi,0,0,1,0,2,0,0
HR Executive (Females Only),0,0,0,0,0,0,0
Software Developer - Computer Vision,0,0,0,0,0,0,0
Senior Accountant,0,0,0,0,0,0,0
Hardware Design Engineer – Power Electronics,0,0,0,0,0,0,0
Business development Executive ( Inside sales ),0,0,0,0,0,0,0
Hiring Fresher - Business Analyst /Indore Location / 5 Days Working,0,0,0,1,1,1,0
HR Executive / IT RECRUITER,0,0,0,0,1,0,0
Technical Recruiter (US Process Night Shift),0,0,2,0,0,0,0
Business Operations Analyst,0,0,0,1,1,1,0
Desktop Support Engineer,0,0,0,0,0,0,0
Hardware & Network Engineer,0,0,0,0,0,0,0
Business Development Executive,0,0,0,0,0,0,0
HR Executive (NIGHT SHIFT),0,0,0,0,0,0,0
Graduate Engineer Trainee,0,0,0,1,1,1,0
Business Analyst (1-3 Years),0,0,0,1,1,1,0
Group Leader - Application Testing,0,0,0,0,0,0,0
Customer Success Manager,0,0,0,0,0,0,0
Principal Software Engineer - Cloud Eng,0,0,0,0,0,0,0
Senior Finance and Accounts Officer,0,0,0,0,0,0,0
Hub Accounts Payable Delivery Manager,0,0,0,0,0,0,0
Analyst - Analytics,0,0,1,1,1,1,0
Accounts & Finance,0,0,0,0,0,0,0
Business Development Executive,0,0,0,0,0,0,0
Mobile Application Developer,0,0,0,0,0,0,0
Developer,0,0,0,0,0,0,0
Senior Software Engineer,0,0,0,0,0,0,0
civil Engineer/supervisor wirh class D/C PWD licence,1,0,0,0,0,0,0
Business Analysis & Rptg Specialist - Analyst,0,0,2,2,2,2,0
Civil Engineering Lead,0,0,0,0,0,0,0
Senior Accountant,0,0,0,0,0,0,0
Sales Executive,0,0,0,0,0,0,0
"Dean, College of Post Graduate Studies, Barapani",0,0,0,0,0,0,0
Business Analyst Senior (G2),0,0,4,1,1,1,0
Change Management,0,0,0,0,0,0,0
Business Development Executive (BDE),0,0,0,0,0,0,0
Business Development Executive,0,0,0,0,0,0,0
Business Analyst,0,0,0,1,1,1,0
Assistant Engineer (Civil),0,0,0,0,0,0,0
Business Development Executive,0,0,0,0,0,0,0
Mobile Application Developer,0,0,0,0,0,0,0
Software developer - Fresher,0,0,0,0,0,0,0
Sr. Accountant,0,0,0,0,0,0,0
UI Developer (Kolkata),0,0,0,0,0,0,0
Customer Relationship Manager,0,0,0,0,0,0,0
Business Analyst,0,0,0,3,3,3,0
Certified Public Accountant (CPA - USA) U.S. Tax Expert,0,0,0,0,0,0,0
Sr.Accountant,0,0,0,0,0,0,0
2020 Student Internship (UK) Civil/Mechanical/Electrical/Chemical - Oil&Gas,0,0,0,0,0,0,0
Teacher,0,0,0,0,0,0,0
Web Developer,0,0,0,0,0,0,0
Business Development Executive,0,0,0,0,0,0,0
Service Manager,0,0,0,0,0,0,0
General Manager Accounts & Finance,0,0,1,0,0,0,0
Middle School Science Teacher,0,0,0,0,0,0,0
Call Center Operation Manager,0,0,0,0,0,0,0
Need Hindi teacher for science and maths,0,0,0,0,0,0,0
Business Analyst,0,0,0,1,1,1,0
CUSTOMER RELATIONSHIP MANAGER,0,0,0,0,0,0,0
ReactJS Developer,0,0,0,0,0,0,0
Corporate Accountant,0,0,1,0,0,0,0
Associate Business Analyst,0,0,0,1,1,1,0
Mobile Application Developer,0,0,0,0,0,0,0
Web Developer,0,0,0,0,1,0,0
Software Test Engineer,0,0,0,0,0,0,0
Finance Manager,0,0,0,0,0,0,0
Online Bidder Business Development Executive,0,0,0,0,0,0,0
Resident Business Development Executive South India,0,0,0,0,0,0,0
Customer Support Manager,0,0,1,0,0,0,0
Electronics Engineer,1,0,0,0,0,0,0
HR Executive,0,0,0,1,1,1,0
Accounts Analyst (Fresher to 3 Year experience),0,0,0,1,1,1,0
EVS and Science Teacher (Grade I to Grade VI),0,0,0,0,0,0,0
Software Engineer 3-3,0,0,0,0,0,0,0
Junior Advisor (m/f/d) for Adaptation to Climate Change,0,0,0,0,0,0,0
Client Relationship Manager,0,0,0,0,0,0,0
Business Analyst,0,0,0,2,2,2,0
Data Science Internship Internship,0,0,0,0,0,0,0
Business Analyst,0,0,1,2,2,2,0
Business Analyst,0,0,0,2,2,2,0
Freelance Business development executive,0,0,0,0,0,0,0
Business Development Executive/Business Development Manager,0,0,0,0,0,0,0
Android Developer (1-3 yrs experience),0,0,0,0,0,0,0
AM- Accounts & Finance,0,0,0,0,0,0,0
CS - GTRS - Advanced Analyst,0,0,2,1,1,1,0
Business Development Executive (BDE),0,0,0,0,0,0,0
Rental & Service Operations Manager,0,0,0,0,0,0,0
Finance & Accounts Executive,0,0,1,0,0,0,0
Require Bachelor in Veterinary Science,0,0,0,0,0,0,0
Software Developer,0,0,0,0,0,0,0
Android Developer (1+ Year Experience),0,0,0,0,0,0,0
"Medical Coding (Life science graduates, Freshers- Relocation to Chennai)",0,0,0,0,0,0,0
Laravel Developer,0,0,0,0,0,0,0
Senior Research Analyst / Industry Analyst,0,0,0,4,4,4,0
Require freelancer- HTML Developer/ Web designer,0,0,0,0,0,0,0
Business Analyst Temenos T24,0,0,0,3,3,3,0
,0,0,0,0,0,0,0
Flutter/Android Mobile APP Developer,0,0,0,0,0,0,0
HR Executive,0,0,0,0,0,0,0
React Native Developer,0,0,0,0,0,0,0
HR-Assistant-Human Resource,0,0,0,0,0,0,0
Urgent opening for Software Engineers,0,0,0,0,0,0,0
Testing Engineer -Hardware,0,0,0,0,0,0,0
Sr. Executive - HR,0,0,0,0,0,0,0
HARDWARE ENGINEER - CDA HARDWARE,0,0,0,0,0,0,0
Business Development Manager,0,0,0,0,0,0,0
Junior Software Developer,0,0,0,0,0,0,0
Full Stack Developer,0,0,0,0,0,0,0
UI Developer / Front end Developer,0,0,0,0,0,0,0
HR Cum Administration Executive -(Experienced),0,0,0,0,0,0,0
Assistant Facility Manager,0,0,0,0,0,0,0
Business Development Manager,0,0,0,0,0,0,0
HR Executive,0,0,0,0,0,0,0
Business Analyst,0,0,0,1,1,1,0
Admin Executive,0,0,0,0,0,0,0
Accounts Manager,0,0,0,0,0,0,0
"Human Resources, 2020 HR Campus Hire, India",0,0,0,0,0,0,0
QA Lead ( Automation testing ),0,0,1,0,0,0,0
Business Intelligence Analyst.,0,0,2,2,2,2,0
Customer Relationship Manager,0,0,0,0,0,0,0
Business Development Executive,0,0,0,0,0,0,0
Manual Testing – Junior and Senior (Hiring Now),0,0,0,0,0,0,0
Site Engineer,0,0,0,0,0,0,0
Data Engineer,0,0,0,0,0,0,0
"Freshers Pharmacy, Biomedical & Science Graduate - Pharma Company",0,0,0,0,1,0,0
"Mobile QA Automation Engineer - Secureworks - Hyderabad, India",0,0,0,0,0,0,0
Web Developer,0,0,0,0,0,0,0
QA - Testing,0,0,0,0,0,0,0
Mobile Banking and Internet Banking(PRODUCT MANAGER) Bangalore,0,0,0,0,0,0,0
Chartered Accountant,0,0,0,0,0,0,0
Fresher Candidates Required For MNC- Apply Now,0,0,0,0,0,0,0
Analog Design Engineer,0,0,0,0,0,0,0
Business Analyst – Content Developer Kolkata,1,0,4,5,5,5,0
Business Development Executive,0,0,0,0,0,0,0
Business Development Manager,0,0,0,0,0,0,0
REQUIRED HR EXECUTIVE FOR A BEVERAGE COMPANY AT CUTTACK,0,0,0,0,0,0,0
Front-end Web Developer,0,0,0,0,0,0,0
Full Stack Developer (Java/J2EE/Spring/Hibernate/Angular/ReactJS),0,0,0,0,0,0,0
Web Developer,0,0,0,0,0,0,0
Looking for System administrator /Network engineer,0,0,0,0,0,0,0
Area Business Manager- Mumbai,1,0,1,0,0,0,0
Customer Relationship Manager,0,0,0,0,0,0,0
Software Trainee,0,0,0,0,0,0,0
,0,0,0,0,0,0,0
Business Analyst,0,0,0,2,2,2,0
Embedded Hardware Engineer,1,0,1,0,0,0,0
"Secondary Mathematics, English, Science and Social Science Teacher",0,0,0,0,0,0,0
Executives- Finance And Accounts Apply Now,0,0,0,0,0,0,0
Hiring for Hardware and Networking Hardware Installation,0,0,0,0,0,0,0
Mobile Application Developer,0,0,0,0,0,0,0
Business Development Executive,0,0,0,0,0,0,0
Assistant Manager - Finance,0,0,2,0,0,0,0
MOBILE APPLICATION DEVELOPER,0,0,0,0,0,0,0
Technical Support Executive,0,0,0,0,0,0,0
Zensar is Plain Non- Engineering Freshers,0,0,0,0,0,0,0
AA Developer,0,0,0,0,0,0,0
Developer Trainee,1,0,0,0,0,0,0
Business Analyst,0,0,0,2,2,2,0
Vice President - Solar Projects,0,0,0,0,0,0,0
Network Engineer (Python),0,0,0,0,0,0,0
Hardware Engineer,0,0,0,0,0,0,0
Hardware Engineer,0,0,0,0,0,0,0
Mobile App Developer,0,0,0,0,0,0,0
"Science teacher (Female,4-5 yr EXP.)",0,0,0,0,0,0,0
Senior Manager Accounts & Finance,1,0,0,0,0,0,0
Virtual Relationship Manager,0,0,0,0,0,0,0
Demand Generation Manager (Customer Success) 4+ yrs,0,0,1,0,0,0,0
Urgent Opening For Business Development Executive in Vikhroli - Mumbai,0,0,0,0,0,0,0
AV Support Engineer/ AV Help Desk Engineer,0,0,0,0,0,0,0
Customer Success Manager,0,0,0,0,0,0,0
Software Trainee,0,0,0,0,0,0,0
Front End Developer,0,0,0,0,0,0,0
Android Developer,0,0,0,0,0,0,0
Web Developer,0,0,0,0,0,0,0
Customer Relationship Manager,0,0,0,0,0,0,0
Full Stack PHP WEB Developer (Minimum 3 years experience),0,0,0,0,0,0,0
Integrated Service Manager,0,0,0,0,0,0,0
HR Recruiter - FEMALE,0,0,0,0,0,0,0
Apply Now And Join Fast For Multiple Profile,0,0,0,0,0,0,0
Sr. Front End Developer,0,0,0,0,0,0,0
Need For Fresher Technical & Non Technical,0,0,0,0,0,0,0
"Civil Site Engineer- Fresher"""" 8512070395",0,0,0,0,0,0,0
Primary Teacher (5-10 Grades),0,0,0,0,0,0,0
Jr. HR Executive,0,0,0,0,0,0,0
Web Developer,0,0,0,0,0,0,0
Civil Engineer,0,0,0,0,0,0,0
Hardware Circuit Design Engineer,0,0,0,0,0,0,0
Android Developer,0,0,0,0,0,0,0
Software Developer / Software Engineer,0,0,0,0,0,0,0
Business Development Executive,0,0,0,0,0,0,0
Senior Software Engineer - Cloud Eng,0,0,0,0,0,0,0
RPA- Business Analyst,0,0,0,5,5,5,0
JUNIOR ACCOUNTANT IN KOCHI,0,0,0,0,0,0,0
"Manager 2, Software Engineering",2,0,0,0,0,0,0
Embedded Software Developer,1,0,0,0,0,0,0
Web Designer,0,0,0,0,0,0,0
Software QA Engineer 1,0,0,0,0,0,0,0
Senior Executive - Accounts Receivable,0,0,1,0,0,0,0
Technical Product Support & QA - Interns,0,0,2,0,0,0,0
Manager - Service Delivery Manager,0,0,2,0,0,0,0
Interior Site Supervisor,0,0,0,0,0,0,0
Manager Accounts & Finance,0,0,0,0,0,0,0
Mobile Application Developer - Android,0,0,0,0,0,0,0
Business Development Executive,0,0,0,0,0,0,0
Hardware design and test engineer,0,0,0,0,0,0,0
IT Business Analyst,0,0,0,1,1,1,0
HR Executive,0,0,0,0,0,0,0
Mobile Application Developer - iOS,1,0,0,0,0,0,0
Business Analyst,0,0,0,1,1,1,0
Accountant,0,0,0,0,0,0,0
Web Developer,0,0,0,0,0,0,0
Sitecore Developer,0,0,0,0,0,0,0
Technical Writer (Process Documentation) - REMOTE CONTRACT,0,0,0,0,0,0,0
Customer Service Manager I,0,0,0,0,0,0,0
Software Quality Assurance Engineer,0,0,0,0,0,0,0
Hardware Engineer,0,0,0,0,0,0,0
Software Engineer (Fresher),0,0,0,0,0,0,0
Web Developer,0,0,0,0,0,0,0
Service Engineer,0,0,0,0,0,0,0
Chartered Accountant,0,0,0,0,0,0,0
IT Operations Analyst III,0,0,0,2,2,2,0
Customer Relationship Manager internship,0,0,0,0,0,0,0
Mobile Packet Core - MPC-Lead,0,0,0,0,0,0,0
General Ledger Specialist,0,0,1,0,0,0,0
Ground Operations executive,0,0,0,0,0,0,0
Quality Assurance,0,0,0,0,0,0,0
Senior Client Relationship Manager,0,0,0,0,0,0,0
Global Billing Operations - Billing Transformation Conversion (Set Up) _ Team lead,0,0,4,0,0,0,0
ASP.NET Junior Developer,0,0,0,0,0,0,0
Experienced Academic writers needed,0,0,0,0,0,0,0
QA (Automation Testing),0,0,0,0,0,0,0
Mobile Application Developer,0,0,0,0,0,0,0
Accounts Manager(Chartered Accountant),0,0,0,0,0,0,0
SHOPIFY / ECOMMERCE DEVELOPER,0,0,0,0,0,0,0
Associate Software Developer - Delhi - Immediate Joiners,0,0,0,0,0,0,0
HR Executive,0,0,0,0,0,0,0
Professional 1 Business Analyst (51005644),0,0,0,1,1,1,0
Engineer – Testing and Quality Group,0,0,0,0,0,0,0
Android Application Developer,0,0,0,0,0,0,0
Civil Engineer,0,0,0,0,0,0,0
Human Resources Assistant,0,0,0,0,0,0,0
Business Development Executive,0,0,0,0,0,0,0
Opening - Business Development Executive,0,0,0,0,0,0,0
Business Development Manager (Business Analyst),0,0,0,2,2,2,0
Full Stack Developer,0,0,0,0,0,0,0
Customer Relationship Executive - Affordable Housing Finance,0,0,0,0,0,0,0
Customer Service Manager (MCSOP),0,0,0,0,0,0,0
Customer Relationship Manager,0,0,0,0,0,0,0
Business Development Executive,0,0,0,0,0,0,0
Engineer - Civil Engineering,0,0,0,0,0,0,0
Web Designer,0,0,0,0,0,0,0
Android Developer,0,0,0,0,0,0,0
Civil Engineering Internship,0,0,0,0,0,0,0
Sr. Business Analyst,0,0,0,1,1,1,0
Principal Biostatistician,0,0,0,0,0,0,0
Software Engineer (Developer),0,0,0,0,0,0,0
Senior Executive HR,0,0,0,0,0,0,0
Junior Web - Mobile Application Developer,0,0,0,0,0,0,0
International Software support Engineer,0,0,0,0,0,0,0
Product Testing Engineer – CCTV,0,0,0,0,0,0,0
2020 Financial Product Analytics & Sales - Mumbai,0,0,0,0,0,0,0
"Intern, Finance and Accounts",0,0,0,0,2,0,0
Accountant,0,0,0,0,0,0,0
Product Specialist,0,0,0,0,0,0,0
Sr. Executive - HR,0,0,0,0,0,0,0
Admin/HR Executive,0,0,0,0,0,0,0
GCS - Advanced Analyst,0,0,2,1,1,1,0
Head - Finance,0,0,1,0,0,0,0
Information Developer,0,0,0,0,0,0,0
Business Analyst,0,0,1,1,1,1,0
Drupal Developer,0,0,0,0,0,0,0
Jr. Officer - Hardware Networking,0,0,0,0,0,0,0
R&D Engineer,0,0,0,0,0,0,0
Admin Executive and Receptionist,0,0,0,0,0,0,0
Unit HR Manager,0,0,0,0,0,0,0
Manager-Accounts and Commercial,0,0,0,0,0,0,0
Trained Graduate Teacher in Social Science (TGT Social Science),0,0,0,0,0,0,0
Customer Relationship Manager,0,0,0,0,0,0,0
Junior Business Analyst,0,0,0,1,1,1,0
HARDWARE & NETWORKING ENGINEER,0,0,0,0,0,0,0
"Hiring Business Development Executive, Pune location",0,0,0,0,0,0,0
Research Analyst (Chemicals & Material),0,0,0,1,1,1,0
Customer Service Manager,0,0,0,0,0,0,0
Mobile App Developer,0,0,0,0,0,0,0
Business Analyst,0,0,0,1,1,1,0
Customer Success Manager,0,0,0,0,0,0,0
Web Developer,0,0,0,0,0,0,0
Senior Accountant,0,0,0,0,0,0,0
Software Developer Freshers (Programmers) | Immediate Joiners | Delhi,0,0,0,0,0,0,0
Business Analyst,0,0,0,1,1,1,0
Asst. Manager - Finance and Accounts,0,0,0,0,0,0,0
"Experienced asp.net, c sharp developer",2,0,0,0,0,0,0
Web Developer - HTML CSS,0,0,0,0,0,0,0
Sr. HR Executive,0,0,0,0,0,0,0
Trainee Software Engineers,0,0,1,0,0,0,0
Software Developer - Intern,0,0,0,0,1,0,0
Business Development Executive - Channel Sales,0,0,0,0,0,0,0
Finance & Accounts Executive,0,0,1,0,0,0,0
Manager Finance & Accounts,0,0,0,0,0,0,0
Business Development Executive,0,0,0,0,0,0,0
Front End Web Developer,0,0,0,0,0,0,0
Customer Relationship Manager ( 2-5 Years of Experience),0,0,0,0,0,0,0
Manager-Business Development / Sr.Executive-Business Development,0,0,0,0,0,0,0
Mobile Application Developer,0,0,0,0,0,0,0
Finance & Accounts Manager,0,0,0,0,0,0,0
Customer Service Manager,0,0,0,0,0,0,0
HR Executive/Admin,0,0,0,0,0,0,0
HR Executive Internship Internship,0,0,0,0,0,0,0
Customer Engagement Manager,0,0,0,0,0,0,0
Online Tutor - Women Candidates Only,0,0,0,0,0,0,0
Trainee HR Executive,0,0,0,0,0,0,0
Graduate Data Analyst,1,0,1,3,3,3,0
Senior AutoCAD Draftsman,0,0,1,0,0,0,0
Business Analyst,0,0,0,1,1,1,0
Head – Finance and Accounts,0,0,0,0,0,0,0
Program Executive (Science Graduates),0,0,0,0,0,0,0
Junior Content Developer,0,0,0,0,0,0,0
Experienced Windows Application Developer,0,0,0,0,0,0,0
Business Analyst,0,0,0,1,1,1,0
ADVISORY SOFTWARE ENGINEER - FDR,0,0,0,0,0,0,0
Customer Success Associate/Manager,0,0,0,0,0,0,0
Relationship Manager/Senior Relationship Manager,0,0,0,0,0,0,0
Customer Service Manager – Loans,0,0,0,0,0,0,0
Accounts & Finance Executive,0,0,1,0,0,0,0
Staff Accountant,0,0,1,0,0,0,0
Sr. Hardware Design Engineer,0,0,0,0,0,0,0
Business Development Manager,0,0,0,0,0,0,0
Accountant,0,0,0,0,0,0,0
Associate / Executive – HR,0,0,0,0,0,0,0
Android Developer,0,0,0,0,0,0,0
Executive-Business Development (Bokaro),0,0,0,0,0,0,0
Hardware Design Engineer,0,0,0,0,0,0,0
Senior Accounts Receivable Associate,0,0,0,1,1,1,0
Full Stack Web Developer,0,0,0,0,0,0,0
Front End Developer,0,0,0,0,0,0,0
Business Development Executive,0,0,0,0,0,0,0
HR Executive,0,0,0,0,0,0,0
Executive - Human Resource (2yrs exp),0,0,0,0,1,0,0
CxM Business Analyst/ Techno Functional Consultant,0,0,0,2,2,2,0
Financial Analyst India,0,0,0,2,2,2,0
Business Analyst,0,0,0,2,2,2,0
Web Designer & Developer,0,0,0,0,0,0,0
Business Development Executive,0,0,0,0,0,0,0
Jr. Executive - Accounts Receivables,0,0,0,0,0,0,0
Developer Enablement,0,0,0,0,0,0,0
Technology Specialist Applications - [ FullStack Developer ],0,0,0,0,0,0,0
SOFTWARE ENGINEER - FRESHER,1,0,0,0,0,0,0
Junior Accountant,0,0,2,0,0,0,0
Accountants with Tally billing & MS Excel required,0,0,2,0,0,0,0
Clinical Research Analyst,1,0,0,1,1,1,0
Urgent opening for Sociology/ Social Science Teacher with B.Ed,0,0,0,0,0,0,0
FINANCE / ACCOUNTS / MODERATOR,0,0,0,0,0,0,0
"English,Hindi,Social science,Chemistry,Biology Teacher",0,0,0,0,0,0,0
Mechanical Engineer - INTERN,0,0,0,0,2,0,0
Android Support Specialist,0,0,0,0,0,0,0
iOS Application Developer,0,0,0,0,0,0,0
SR CIVIL ENGINEER,0,0,0,0,0,0,0
Web Designer/Developer and Operations,0,0,0,0,0,0,0
"BUSINESS PROCESS ANALYST , SHARED SRV",0,0,0,1,1,1,0
Looking for Social Science Teacher,0,0,0,0,0,0,0
"Wanted Web Designer & Developer - Irinjalakuda, Thrissur",0,0,0,0,0,0,0
IGCSE Combines Science/General Science Teacher,0,0,0,0,0,0,0
UI Developer,0,0,0,0,0,0,0
Quality Analyst (QA) – Manual Testing (Hiring Now),0,0,0,1,1,1,0
Software Developer,0,0,0,0,0,0,0
Senior HR Executive,0,0,0,0,0,0,0
Management Trainee (Finance),0,0,3,0,0,0,0
Content Developer,0,0,0,0,0,0,0
Phone Recruiter,0,0,0,0,0,0,0
Freshers Candidates Apply Now Multiprofile Any Stream,0,0,0,0,0,0,0
Web Developer,0,0,0,0,0,0,0
Hardware Design Engineer,0,0,0,0,0,0,0
Professional 1 Product Developer (51005782),0,0,0,0,0,0,0
Business Development Executive,0,0,1,0,0,0,0
Tendering Engineer-Civil,0,0,2,0,0,0,0
Senior Associate - Finance and Accounts ,0,0,0,0,0,0,0
Business Development Executive,0,0,0,0,0,0,0
Salesforce CPQ Developer 4 to 6 years experience,0,0,0,0,0,0,0
Business Development Executive,0,0,1,0,0,0,0
Relationship Manager,0,0,0,0,0,0,0
Web Developer - Core Php,0,0,0,0,0,0,0
Software Developer- Mumbai,0,0,0,0,0,0,0
Software Developer,0,0,0,0,0,0,0
HR Executive,0,0,1,0,0,0,0
Technical Recruiter,0,0,0,0,0,0,0
Hardware Engineer,0,0,0,0,0,0,0
HR Executive / Admin,0,0,0,0,0,0,0
Civil Site Engineer / Supervisors- Apply Now,0,0,0,0,0,0,0
"Associate Scientist Regulatory Affairs; Life Cycle Management, Personal Health Care International",0,0,0,0,0,0,0
Business Development Executive,0,0,1,0,0,0,0
Mobile Application Developer,0,0,0,0,0,0,0
Assistant Manager Finance & Accounts,0,0,0,0,0,0,0
Project Management,0,0,0,1,1,1,0
Manager Finance & Accounts,0,0,0,0,0,0,0
"Director, Software Engineering",0,0,0,0,0,0,0
Advanced Business Analyst- novoFMS,0,0,0,0,0,0,0
NMT Engineer,0,0,0,0,0,0,0
HR Executive,0,0,0,0,0,0,0
Data Science Technical trainer,0,0,0,0,0,0,0
Assistant Manager - Customer Service,0,0,0,0,0,0,0
Web Developer,0,0,0,0,0,0,0
"Software Engineer, Java Developer - EnterWorks",0,0,0,0,0,0,0
Business Analyst - Technology Operations,0,0,0,3,3,3,0
Senior Manager – Finance and Accounts,0,0,0,0,0,0,0
Manual Software Tester Requirement,0,0,0,0,0,0,0
Business Development Executive,0,0,0,0,0,0,0
"Protected Crop Specialist, Vegetables",0,0,0,0,0,0,0
Software Developer - Vadodara,0,0,0,0,0,0,0
Front End Developer,0,0,0,0,0,0,0
Front End Developer (5+ yrs exp),0,0,0,0,0,0,0
Business Development Executive,0,0,0,0,0,0,0
Business Development Executive,0,0,2,0,0,0,0
Desktop Support Engineer L1,0,0,0,0,0,0,0
Hardware Engineer,0,0,0,0,0,0,0
Android Application Developer,0,0,0,0,0,0,0
Hybrid Mobile Developer for a Product Based Company,0,0,0,0,0,0,0
Relationship Manager dealer,0,0,0,0,0,0,0
Web Developer,0,0,0,0,0,0,0
Civil QA/QC Engineer,0,0,0,0,0,0,0
IT Manager(Hardware Networking),0,0,0,0,0,0,0
{,2,0,0,0,0,0,0
Technical Support,0,0,0,0,0,0,0
Web Designer & Developer,0,0,0,0,0,0,0
Computer Hardware & Networking Engineer,0,0,0,0,0,0,0
Junior HR Executive,0,0,1,0,0,0,0
Finance And Accounts Internship,0,0,0,0,0,0,0
Technical Specalist- Hardware Engineer,0,0,0,0,0,0,0
Customer Service Manager,0,0,1,0,0,0,0
Sr. Executive - HR,0,0,0,0,0,0,0
GM/JGM/Advisor (Civil Works),0,0,0,0,0,0,0
Customer Service Assistant Manager,0,0,0,0,0,0,0
Software Developer,0,0,0,0,0,0,0
PHP Web Developer,0,0,0,0,0,0,0
Web Designer & Developer,0,0,0,0,0,0,0
HR Executive,0,0,0,0,0,0,0
Business Analyst - (Hiring Freshers and 0 to 2 years experience),0,0,0,2,2,2,0
Computer Hardware & Networking Engineer,0,0,0,0,0,0,0
Software Developer (Fresher),0,0,0,0,0,0,0
HR Executive,0,0,0,0,0,0,0
Hardware Engineer,1,0,0,0,0,0,0
Software Developer (IN-YC-FS),0,0,0,0,0,0,0
Web Developer at Chennai,0,0,0,0,0,0,0
Apply Now Junior Executive And Engineers,0,0,0,0,0,0,0
Network Software Engineer (Python/ Automation),0,0,0,0,0,0,0
Associate - Customer Service Consultant - Chat,0,0,2,0,0,0,0
Business Development Executive,0,0,0,0,0,0,0
Mobile Hybrid Application Development Lead,0,0,0,0,0,0,0
Business Development Executive,0,0,0,0,0,0,0
Agronomist,0,0,0,0,0,0,0
Mobile Application Developer,1,0,0,0,0,0,0
Sr. HR Executive – IT Recruitment,0,0,0,0,0,0,0
Senior Executive-Finance & Accounts,0,0,1,0,0,0,0
GM-Accounts & Finance,0,0,0,0,0,0,0
RBB-Preferred Relationship Manager,0,0,0,0,0,0,0
Wordpress Developer,0,0,0,0,0,0,0
Service Delivery Manager,0,0,0,0,0,0,0
Human Resource Executive (HR I),0,0,0,0,0,0,0
Full Stack Web Applications Engineer,0,0,0,0,0,0,0
HR Executive (Fresher MBA),0,0,0,0,0,0,0
Programmer Assistant,0,0,0,0,0,0,0
New Opening For Graduate Teachers Apply Now,0,0,0,0,0,0,0
JUNIOR HARDWARE DESIGN ENGINEER,0,0,0,0,0,0,0
Academic Content Writer,0,0,0,0,0,0,0
Sr. Accounts and Finance Manager,0,0,0,0,0,0,0
IT Project Manager / Business Analyst,0,0,0,3,3,3,0
Business Development Executive,0,0,0,0,0,0,0
Business Development Executive,0,0,0,0,0,0,0
Computer Hardware & Networking Engineer,0,0,0,0,0,0,0
Customer Service Manager,0,0,0,0,0,0,0
Software Developer- .NET & SQL,0,0,0,0,0,0,0
Web Developer - Laravel,0,0,0,0,0,0,0
Healthcare Telemarketing Sales Executive,0,0,0,0,0,0,0
HTML DEVELOPER,0,0,0,0,0,0,0
Site Engineer (Civil),0,0,0,0,0,0,0
HARDWARE ENGINEER,0,0,0,0,0,0,0
HR Executive,0,0,0,0,0,0,0
Business Analyst,0,0,0,2,2,2,0
Tech Lead - Mobile Application,0,0,0,0,0,0,0
Business Development Executive,0,0,0,0,0,0,0
Software Senior Engineer,0,0,0,0,0,0,0
Lab Engineer,0,0,0,0,0,0,0
Mobile Application Developer,0,0,0,0,0,0,0
Business Development Executive,0,0,0,0,0,0,0
Financial Accountant,0,0,0,0,0,0,0
Business Development Executive (Social Media Company),0,0,0,0,0,0,0
"Medical Coder (Life Science Graduate,Freshers)",0,0,0,0,0,0,0
Dot Net Developer (2 years bond terms),0,0,0,0,0,0,0
HR Executive,0,0,0,0,0,0,0
Website Developer,0,0,0,0,0,0,0
HR Head,0,0,0,0,0,0,0
Associate Professional Product Developer (51000236),0,0,0,0,0,0,0
Sales Executive,0,0,0,0,0,0,0
HR Executive,0,0,0,0,0,0,0
UI Developer for a Product Based Company,0,0,0,0,0,0,0
Sales and Marketing Manager,0,0,3,0,0,0,0
"Manager, Developer Engagement",0,0,0,0,0,0,0
HR Executive,0,0,0,0,0,0,0
Business Development Manager/Executive,0,0,2,0,0,0,0
Sr.Executive - HR and Administration,0,0,2,0,0,0,0
Web Developer,0,0,0,0,0,0,0
Hardware Consultant,0,0,0,0,0,0,0
Software Engineer 3,0,0,0,0,0,0,0
Business Development Executive,0,0,0,0,0,0,0
MATHS & SCIENCE TEACHER,0,0,0,0,0,0,0
Freelance Web Developer,0,0,0,0,0,0,0
"Software Principal Engineer – C/C++, Server / System Management / HCI (I8)",2,0,0,0,0,0,0
Business Development Executive,0,0,0,0,0,0,0
Mobile Application Developer,0,0,0,0,0,0,0
HR and Administration Executive,0,0,0,0,0,0,0
Networking Engineer,0,0,0,0,0,0,0
Mobile Application Developer,0,0,0,0,0,0,0
Software Developer,0,0,0,0,0,0,0
Hardware Technician,0,0,0,0,0,0,0
Customer Relations Manager,0,0,0,0,0,0,0
D365 Business Central - Sr. Developer,0,0,0,0,0,0,0
Executive Accounts & Finance,0,0,0,0,0,0,0
Web Designer,0,0,0,0,0,0,0
Ionic Developer,0,0,0,0,0,0,0
Desktop Support Engineer L1,0,0,0,0,0,0,0
Civil Project Engineer,0,0,0,0,0,0,0
Business Analyst,0,0,0,1,1,1,0
Trainee Software Developer,0,0,0,0,0,0,0
Civil Engineers,0,0,0,0,0,0,0
Jr. Accountant,0,0,0,0,0,0,0
Pentaho developer,0,0,0,0,0,0,0
Jr. Software Developer,0,0,0,0,0,0,0
Relationship Manager/Max Age upto 27,0,0,0,0,0,0,0
Customer Relationship Manager,0,0,0,0,0,0,0
"HR, Admin & Compliance Executive",0,0,3,0,0,0,0
Systems Hardware Design Engineer,0,0,0,0,0,0,0
"Medical Coder (Life Science Graduate, Fresher- Relocation to Hyderabad)",0,0,0,0,0,0,0
Operations Manager/Asst. Manager,0,0,0,0,0,0,0
Business Development Executive,0,0,0,0,0,0,0
COE - Data Ops - Advanced Analyst,0,0,1,1,1,1,0
Civil Engineering,0,0,0,0,0,0,0
Executive Assistant,0,0,0,0,0,0,0
Android Developer,0,0,0,0,0,0,0
Lead Full Stack Developer,0,0,0,0,0,0,0
Business Development Executive,0,0,0,0,0,0,0
Customer Success Manager - Telecom,0,0,3,0,0,0,0
Mobile Application Developer,0,0,0,0,0,0,0
TGT Science teacher,0,0,0,0,0,0,0
Associate - Finance and Accounting,0,0,2,0,0,0,0
Web Developer,0,0,0,0,0,0,0
TENDER MANAGER,0,0,2,0,0,0,0
Business Analyst,0,0,0,1,1,1,0
Manager Finance & Accounts,0,0,0,0,0,0,0
"Principal Devops Engineer - Dell Secureworks - Hyderabad, India",0,0,0,0,0,0,0
Customer Service Executive- Voice & Non Voice Process,0,0,0,0,0,0,0
Assoc Dir Site Engineering,0,0,0,0,0,0,0
ASSISTANT CUSTOMER RELATIONSHIP MANAGER,0,0,0,0,0,0,0
REACT NATIVE DEVELOPER-MOBILE APPLICATION-IOS&ANDROID PLATFORMS,0,0,0,0,0,0,0
Business Analyst,0,0,0,1,1,1,0
Fresher Hardware & Networking Engineer- Apply Now,0,0,0,0,0,0,0
Senior Accountant,0,0,0,0,0,0,0
Full Stack Developer (Kolkata),0,0,0,0,0,0,0
RPA Developer (UiPath),0,0,0,0,0,0,0
"Accounts Executive, HR Executive,",0,0,0,0,0,0,0
Android Developer - Job Vacancy,0,0,0,0,0,0,0
Web Developer,0,0,0,0,0,0,0
Hardware Engineer,0,0,0,0,0,0,0
Hardware Engineer - Lead,0,0,0,0,0,0,0
Hardware Engineer – R&D.,0,0,0,0,0,0,0
Customer Care Manager,0,0,0,0,0,0,0
Business Development Executive,0,0,0,0,0,0,0
Human Resource Executive,0,0,0,0,0,0,0
Finance and Accounts Executive,0,0,1,0,0,0,0
Civil Engineering part time job/internship at Multiple locations,0,0,0,0,0,0,0
GCS - Advanced Analyst,0,0,2,1,1,1,0
Embedded Hardware and RTL Engineer,0,0,0,0,0,0,0
Software Developer,0,0,0,0,0,0,0
Job opening for Business Analyst,0,0,0,1,1,1,0
Web Designer,0,0,0,0,0,0,0
Social Science Teacher (CBSE),0,0,0,0,0,0,0
Business Development Executive - IT Company,0,0,0,0,0,0,0
Graduate & Technician (Diploma) Trainee Vacancy,0,0,0,0,0,0,0
Mobile Application Developer,0,0,0,0,0,0,0
HR Executive,0,0,0,0,0,0,0
Business Development Executive,0,0,0,0,0,0,0
Web Developer,0,0,0,0,0,0,0
Associate - Collections Consultant,0,0,0,0,0,0,0
HR Executive,0,0,0,0,0,0,0
Junior Accounts Officer,0,0,0,0,0,0,0
Hybris Business Analyst,0,0,0,1,1,1,0
Software Engineer (Software Developer),0,0,0,0,0,0,0
Business Development Executive,0,0,0,0,0,0,0
Web Development Internship,0,0,0,0,0,0,0
Accounts Payable Analyst,0,0,1,2,2,2,0
Computer Hardware Engineer,0,0,0,0,0,0,0
Senior Executive,0,0,0,0,0,0,0
Systems Analyst,0,0,2,2,2,2,0
Android Developer,0,0,0,0,0,0,0
"Group A, Scientist-B",0,0,0,0,0,0,0
Testing Engineer,0,0,0,0,0,0,0
Web Developer,0,0,0,0,0,0,0
Business Development Executive / Manager,0,0,0,0,0,0,0
Business Analyst/Sr. Business Analyst,0,0,0,2,2,2,0
HR Executive,0,0,0,0,0,0,0
RPA Developer,0,0,0,0,0,0,0
Ecommerce Manager & Business Analyst,0,0,1,1,1,1,0
INTERN/ Software Developer,0,0,0,0,1,0,0
Hiring for Business Associate,0,0,0,0,0,0,0
Software Developer Engineer,0,0,0,0,0,0,0
Asst. Relationship Manager,0,0,0,0,0,0,0
Business Development Executive,0,0,0,0,0,0,0
"Freshers Pharmacy, Biomedical & Science Graduate Trainer",0,0,0,0,2,0,0
Senior Software Developer,0,0,0,0,0,0,0
Advisor Business Analyst (51000020),0,0,0,3,3,3,0
